<?xml version="1.0" encoding="UTF-8"?>
<metadata xml:lang="nl"><Esri><CreaDate>20131024</CreaDate><CreaTime>10100900</CreaTime><ArcGISFormat>1.0</ArcGISFormat><SyncOnce>FALSE</SyncOnce><DataProperties><lineage><Process ToolSource="C:\Program Files\ArcGIS\Desktop10.0\ArcToolbox\Toolboxes\Data Management Tools.tbx\CalculateField" Date="20120530" Time="173846">CalculateField speelplekken2012 VELD2 speeltrap VB #</Process><Process ToolSource="C:\Program Files\ArcGIS\Desktop10.0\ArcToolbox\Toolboxes\Data Management Tools.tbx\CalculateField" Date="20120530" Time="173918">CalculateField speelplekken2012 VELD2 "speeltrap" VB #</Process><Process ToolSource="C:\Program Files\ArcGIS\Desktop10.0\ArcToolbox\Toolboxes\Data Management Tools.tbx\CalculateField" Date="20120815" Time="101356">CalculateField speelplekken2012 tt [FLOCID] VB #</Process><Process ToolSource="C:\Program Files\ArcGIS\Desktop10.0\ArcToolbox\Toolboxes\Data Management Tools.tbx\CalculateField" Date="20120815" Time="101432">CalculateField speelplekken2012 tt [FLOCID] VB #</Process><Process ToolSource="C:\Program Files\ArcGIS\Desktop10.0\ArcToolbox\Toolboxes\Data Management Tools.tbx\CalculateField" Date="20120815" Time="101527">CalculateField speelplekken2012 FLOCID [tt] VB #</Process><Process ToolSource="C:\Program Files\ArcGIS\Desktop10.0\ArcToolbox\Toolboxes\Data Management Tools.tbx\CalculateField" Date="20120815" Time="101611">CalculateField speelplekken2012 DATUM "15-08-2012" VB #</Process><Process ToolSource="c:\program files\arcgis\desktop10.0\ArcToolbox\Toolboxes\Data Management Tools.tbx\Merge" Date="20120815" Time="103035">Merge speelplekken2012;'speelplaats corporatie';stedelijke_voorziening;speelplekken_welzijn H:\Af-In\GIS\Prod_afgel\klussen\_HTH\HTH_201226_Jacquelinevankeulen\shp\speelplekken2012_merge.shp "VELD2 "VELD2" true true false 30 Text 0 0 ,First,#,speelplekken2012,VELD2,-1,-1,speelplaats corporatie,VELD2,-1,-1,stedelijke_voorziening,VELD2,-1,-1,speelplekken_welzijn,VELD2,-1,-1;CODE "CODE" true true false 254 Text 0 0 ,First,#,speelplekken2012,CODE,-1,-1,speelplaats corporatie,CODE,-1,-1,stedelijke_voorziening,CODE,-1,-1,speelplekken_welzijn,CODE,-1,-1;STRAAT "STRAAT" true true false 254 Text 0 0 ,First,#,speelplekken2012,STRAAT,-1,-1,speelplaats corporatie,STRAAT,-1,-1,stedelijke_voorziening,STRAAT,-1,-1,speelplekken_welzijn,STRAAT,-1,-1;FLOCID "FLOCID" true true false 19 Double 0 0 ,First,#,speelplekken2012,FLOCID,-1,-1,speelplaats corporatie,FLOCID,-1,-1,stedelijke_voorziening,FLOCID,-1,-1,speelplekken_welzijn,FLOCID,-1,-1;DATUM "DATUM" true true false 8 Date 0 0 ,First,#,speelplekken2012,DATUM,-1,-1,speelplaats corporatie,DATUM,-1,-1,stedelijke_voorziening,DATUM,-1,-1,speelplekken_welzijn,DATUM,-1,-1"</Process><Process ToolSource="C:\Program Files\ArcGIS\Desktop10.0\ArcToolbox\Toolboxes\Data Management Tools.tbx\CalculateField" Date="20120815" Time="103727">CalculateField speelplekken2012 VELD2 "Speelplaats Corporatie" VB #</Process><Process ToolSource="C:\Program Files\ArcGIS\Desktop10.0\ArcToolbox\Toolboxes\Data Management Tools.tbx\CalculateField" Date="20120815" Time="103747">CalculateField speelplekken2012 VELD2 "Bewaakte speelplaats" VB #</Process><Process ToolSource="c:\program files\arcgis\desktop10.0\ArcToolbox\Toolboxes\Conversion Tools.tbx\FeatureClassToFeatureClass" Date="20120816" Time="150635">FeatureClassToFeatureClass speelplekken2012_merge "Database Connections\GEOP_SDE.sde" BERHEER_SPEELPLAATSEN_4 # "VELD2 "VELD2" true true false 30 Text 0 0 ,First,#,H:\Af-In\GIS\Prod_afgel\klussen\_HTH\HTH_201226_Jacquelinevankeulen\shp\speelplekken2012_merge.shp,VELD2,-1,-1;CODE "CODE" true true false 254 Text 0 0 ,First,#,H:\Af-In\GIS\Prod_afgel\klussen\_HTH\HTH_201226_Jacquelinevankeulen\shp\speelplekken2012_merge.shp,CODE,-1,-1;STRAAT "STRAAT" true true false 254 Text 0 0 ,First,#,H:\Af-In\GIS\Prod_afgel\klussen\_HTH\HTH_201226_Jacquelinevankeulen\shp\speelplekken2012_merge.shp,STRAAT,-1,-1;FLOCID "FLOCID" true true false 19 Double 0 0 ,First,#,H:\Af-In\GIS\Prod_afgel\klussen\_HTH\HTH_201226_Jacquelinevankeulen\shp\speelplekken2012_merge.shp,FLOCID,-1,-1;DATUM "DATUM" true true false 8 Date 0 0 ,First,#,H:\Af-In\GIS\Prod_afgel\klussen\_HTH\HTH_201226_Jacquelinevankeulen\shp\speelplekken2012_merge.shp,DATUM,-1,-1" #</Process><Process ToolSource="c:\program files\arcgis\desktop10.0\ArcToolbox\Toolboxes\Conversion Tools.tbx\FeatureClassToFeatureClass" Date="20120925" Time="120422">FeatureClassToFeatureClass speelplekken2012 "Database Connections\GEOP_SDE.sde" BEHEER_SPEELPLEKKEN2012 # "OBJECTID "OBJECTID" true true false 10 Double 0 10 ,First,#,H:\Af-In\GIS\Prod_afgel\klussen\_HTH\HTH_201226_Jacquelinevankeulen\shp\speelplekken2012.shp,OBJECTID,-1,-1;VELD2 "VELD2" true true false 30 Text 0 0 ,First,#,H:\Af-In\GIS\Prod_afgel\klussen\_HTH\HTH_201226_Jacquelinevankeulen\shp\speelplekken2012.shp,VELD2,-1,-1;CODE "CODE" true true false 254 Text 0 0 ,First,#,H:\Af-In\GIS\Prod_afgel\klussen\_HTH\HTH_201226_Jacquelinevankeulen\shp\speelplekken2012.shp,CODE,-1,-1;STRAAT "STRAAT" true true false 254 Text 0 0 ,First,#,H:\Af-In\GIS\Prod_afgel\klussen\_HTH\HTH_201226_Jacquelinevankeulen\shp\speelplekken2012.shp,STRAAT,-1,-1;FLOCID "FLOCID" true true false 19 Double 8 18 ,First,#,H:\Af-In\GIS\Prod_afgel\klussen\_HTH\HTH_201226_Jacquelinevankeulen\shp\speelplekken2012.shp,FLOCID,-1,-1;DATUM "DATUM" true true false 8 Date 0 0 ,First,#,H:\Af-In\GIS\Prod_afgel\klussen\_HTH\HTH_201226_Jacquelinevankeulen\shp\speelplekken2012.shp,DATUM,-1,-1" #</Process></lineage><itemProps><itemName Sync="TRUE">TMW.BEHEER_SPEELPLEKKEN2012</itemName><imsContentType Sync="TRUE">002</imsContentType><itemSize Sync="TRUE">0.000</itemSize><itemLocation><linkage Sync="TRUE">Server=sv14764; Service=port:5151; Database=geop; User=tmw; Version=SDE.DEFAULT</linkage><protocol Sync="TRUE">ArcSDE Connection</protocol></itemLocation></itemProps><coordRef><type Sync="TRUE">Projected</type><geogcsn Sync="TRUE">GCS_Amersfoort</geogcsn><csUnits Sync="TRUE">Linear Unit: Meter (1.000000)</csUnits><projcsn Sync="TRUE">RD_New</projcsn><peXml Sync="TRUE">&lt;ProjectedCoordinateSystem xsi:type='typens:ProjectedCoordinateSystem' xmlns:xsi='http://www.w3.org/2001/XMLSchema-instance' xmlns:xs='http://www.w3.org/2001/XMLSchema' xmlns:typens='http://www.esri.com/schemas/ArcGIS/10.0'&gt;&lt;WKT&gt;PROJCS[&amp;quot;RD_New&amp;quot;,GEOGCS[&amp;quot;GCS_Amersfoort&amp;quot;,DATUM[&amp;quot;D_Amersfoort&amp;quot;,SPHEROID[&amp;quot;Bessel_1841&amp;quot;,6377397.155,299.1528128]],PRIMEM[&amp;quot;Greenwich&amp;quot;,0.0],UNIT[&amp;quot;Degree&amp;quot;,0.0174532925199433]],PROJECTION[&amp;quot;Double_Stereographic&amp;quot;],PARAMETER[&amp;quot;False_Easting&amp;quot;,155000.0],PARAMETER[&amp;quot;False_Northing&amp;quot;,463000.0],PARAMETER[&amp;quot;Central_Meridian&amp;quot;,5.38763888888889],PARAMETER[&amp;quot;Scale_Factor&amp;quot;,0.9999079],PARAMETER[&amp;quot;Latitude_Of_Origin&amp;quot;,52.15616055555555],UNIT[&amp;quot;Meter&amp;quot;,1.0],AUTHORITY[&amp;quot;EPSG&amp;quot;,28992]]&lt;/WKT&gt;&lt;XOrigin&gt;-30515500&lt;/XOrigin&gt;&lt;YOrigin&gt;-30279500&lt;/YOrigin&gt;&lt;XYScale&gt;10000&lt;/XYScale&gt;&lt;ZOrigin&gt;0&lt;/ZOrigin&gt;&lt;ZScale&gt;1&lt;/ZScale&gt;&lt;MOrigin&gt;0&lt;/MOrigin&gt;&lt;MScale&gt;1&lt;/MScale&gt;&lt;XYTolerance&gt;0.001&lt;/XYTolerance&gt;&lt;ZTolerance&gt;0.001&lt;/ZTolerance&gt;&lt;MTolerance&gt;0.001&lt;/MTolerance&gt;&lt;HighPrecision&gt;true&lt;/HighPrecision&gt;&lt;WKID&gt;28992&lt;/WKID&gt;&lt;/ProjectedCoordinateSystem&gt;</peXml></coordRef></DataProperties><SyncDate>20120925</SyncDate><SyncTime>12042000</SyncTime><ModDate>20120925</ModDate><ModTime>12042000</ModTime></Esri><dataIdInfo><envirDesc Sync="TRUE">Microsoft Windows 7 Version 6.1 (Build 7601) Service Pack 1; ESRI ArcGIS 10.0.3.3600</envirDesc><dataLang><languageCode value="nld" Sync="TRUE"></languageCode><countryCode value="NLD" Sync="TRUE"></countryCode></dataLang><idCitation><resTitle Sync="TRUE">TMW.BEHEER_SPEELPLEKKEN2012</resTitle><presForm><PresFormCd value="005" Sync="TRUE"></PresFormCd></presForm></idCitation><spatRpType><SpatRepTypCd value="001" Sync="TRUE"></SpatRepTypCd></spatRpType></dataIdInfo><mdLang><languageCode value="nld" Sync="TRUE"></languageCode><countryCode value="NLD" Sync="TRUE"></countryCode></mdLang><mdChar><CharSetCd value="004" Sync="TRUE"></CharSetCd></mdChar><distInfo><distFormat><formatName Sync="TRUE">SDE Feature Class</formatName></distFormat><distTranOps><transSize Sync="TRUE">0.000</transSize></distTranOps></distInfo><mdHrLv><ScopeCd value="005" Sync="TRUE"></ScopeCd></mdHrLv><mdHrLvName Sync="TRUE">dataset</mdHrLvName><refSysInfo><RefSystem><refSysID><identCode code="28992" Sync="TRUE" value="28992"></identCode><idCodeSpace Sync="TRUE">EPSG</idCodeSpace><idVersion Sync="TRUE">7.4.1</idVersion></refSysID></RefSystem></refSysInfo><spatRepInfo><VectSpatRep><geometObjs Name="TMW.BEHEER_SPEELPLEKKEN2012"><geoObjTyp><GeoObjTypCd value="004" Sync="TRUE"></GeoObjTypCd></geoObjTyp><geoObjCnt Sync="TRUE">0</geoObjCnt></geometObjs><topLvl><TopoLevCd value="001" Sync="TRUE"></TopoLevCd></topLvl></VectSpatRep></spatRepInfo><spdoinfo><ptvctinf><esriterm><efeatyp Sync="TRUE">Simple</efeatyp><efeageom code="1" Sync="TRUE"></efeageom><esritopo Sync="TRUE">FALSE</esritopo><efeacnt Sync="TRUE">0</efeacnt><spindex Sync="TRUE">FALSE</spindex><linrefer Sync="TRUE">FALSE</linrefer></esriterm></ptvctinf></spdoinfo><eainfo><detailed Name="TMW.BEHEER_SPEELPLEKKEN2012"><enttyp><enttypl Sync="TRUE">TMW.BEHEER_SPEELPLEKKEN2012</enttypl><enttypt Sync="TRUE">Feature Class</enttypt><enttypc Sync="TRUE">0</enttypc></enttyp><attr><attrlabl Sync="TRUE">OBJECTID_1</attrlabl><attalias Sync="TRUE">OBJECTID_1</attalias><attrtype Sync="TRUE">OID</attrtype><attwidth Sync="TRUE">4</attwidth><atprecis Sync="TRUE">10</atprecis><attscale Sync="TRUE">0</attscale><attrdef Sync="TRUE">Internal feature number.</attrdef><attrdefs Sync="TRUE">ESRI</attrdefs><attrdomv><udom Sync="TRUE">Sequential unique whole numbers that are automatically generated.</udom></attrdomv></attr><attr><attrlabl Sync="TRUE">OBJECTID</attrlabl><attalias Sync="TRUE">OBJECTID</attalias><attrtype Sync="TRUE">Double</attrtype><attwidth Sync="TRUE">8</attwidth><atprecis Sync="TRUE">10</atprecis><attscale Sync="TRUE">0</attscale><attrdef Sync="TRUE">Internal feature number.</attrdef><attrdefs Sync="TRUE">ESRI</attrdefs><attrdomv><udom Sync="TRUE">Sequential unique whole numbers that are automatically generated.</udom></attrdomv></attr><attr><attrlabl Sync="TRUE">Shape</attrlabl><attalias Sync="TRUE">Shape</attalias><attrtype Sync="TRUE">Geometry</attrtype><attwidth Sync="TRUE">4</attwidth><atprecis Sync="TRUE">0</atprecis><attscale Sync="TRUE">0</attscale><attrdef Sync="TRUE">Feature geometry.</attrdef><attrdefs Sync="TRUE">ESRI</attrdefs><attrdomv><udom Sync="TRUE">Coordinates defining the features.</udom></attrdomv></attr><attr><attrlabl Sync="TRUE">VELD2</attrlabl><attalias Sync="TRUE">VELD2</attalias><attrtype Sync="TRUE">String</attrtype><attwidth Sync="TRUE">30</attwidth><atprecis Sync="TRUE">0</atprecis><attscale Sync="TRUE">0</attscale></attr><attr><attrlabl Sync="TRUE">CODE</attrlabl><attalias Sync="TRUE">CODE</attalias><attrtype Sync="TRUE">String</attrtype><attwidth Sync="TRUE">254</attwidth><atprecis Sync="TRUE">0</atprecis><attscale Sync="TRUE">0</attscale></attr><attr><attrlabl Sync="TRUE">STRAAT</attrlabl><attalias Sync="TRUE">STRAAT</attalias><attrtype Sync="TRUE">String</attrtype><attwidth Sync="TRUE">254</attwidth><atprecis Sync="TRUE">0</atprecis><attscale Sync="TRUE">0</attscale></attr><attr><attrlabl Sync="TRUE">FLOCID</attrlabl><attalias Sync="TRUE">FLOCID</attalias><attrtype Sync="TRUE">Double</attrtype><attwidth Sync="TRUE">8</attwidth><atprecis Sync="TRUE">19</atprecis><attscale Sync="TRUE">8</attscale></attr><attr><attrlabl Sync="TRUE">DATUM</attrlabl><attalias Sync="TRUE">DATUM</attalias><attrtype Sync="TRUE">Date</attrtype><attwidth Sync="TRUE">36</attwidth><atprecis Sync="TRUE">0</atprecis><attscale Sync="TRUE">0</attscale></attr></detailed></eainfo><mdDateSt Sync="TRUE">20120925</mdDateSt></metadata>
