<?xml version="1.0"?>
<!--<!DOCTYPE metadata SYSTEM "http://www.esri.com/metadata/esriprof80.dtd">-->
<metadata xml:lang="nl"><Esri><CreaDate>20131024</CreaDate><CreaTime>10092800</CreaTime><SyncOnce>FALSE</SyncOnce><SyncDate>20131016</SyncDate><SyncTime>11341200</SyncTime><ModDate>20131016</ModDate><ModTime>11341200</ModTime><DataProperties><lineage><Process Name="FeatureClassToFeatureClass_2" ToolSource="C:\arcgis\arcexe91\ArcGIS\ArcToolbox\Toolboxes\Conversion Tools.tbx\FeatureClassToFeatureClass" Date="20071017" Time="145526">FeatureClassToFeatureClass C:\mijndocs\temp\monument\monumentenkaart\monumenten-gids.shp "Database Connections\GEOP SV07885d.sde" MON_MONUMENTEN # "FID_1 FID_1 true false false 9 Long 0 9 ,First,#,C:\mijndocs\temp\monument\monumentenkaart\monumenten-gids.shp,FID_1,-1,-1;MON_ID MON_ID true false false 9 Long 0 9 ,First,#,C:\mijndocs\temp\monument\monumentenkaart\monumenten-gids.shp,MON_ID,-1,-1;Entity Entity true false false 16 Text 0 0 ,First,#,C:\mijndocs\temp\monument\monumentenkaart\monumenten-gids.shp,Entity,-1,-1;type type true false false 10 Text 0 0 ,First,#,C:\mijndocs\temp\monument\monumentenkaart\monumenten-gids.shp,type,-1,-1;brug brug true false false 5 Text 0 0 ,First,#,C:\mijndocs\temp\monument\monumentenkaart\monumenten-gids.shp,brug,-1,-1;OBJECTNAAM OBJECTNAAM true false false 60 Text 0 0 ,First,#,C:\mijndocs\temp\monument\monumentenkaart\monumenten-gids.shp,OBJECTNAAM,-1,-1;OBJECTID OBJECTID true false false 20 Text 0 0 ,First,#,C:\mijndocs\temp\monument\monumentenkaart\monumenten-gids.shp,OBJECTID,-1,-1;ADRESNR ADRESNR true false false 20 Text 0 0 ,First,#,C:\mijndocs\temp\monument\monumentenkaart\monumenten-gids.shp,ADRESNR,-1,-1;OPMERKING OPMERKING true false false 20 Text 0 0 ,First,#,C:\mijndocs\temp\monument\monumentenkaart\monumenten-gids.shp,OPMERKING,-1,-1;TOOLTIP TOOLTIP true false false 60 Text 0 0 ,First,#,C:\mijndocs\temp\monument\monumentenkaart\monumenten-gids.shp,TOOLTIP,-1,-1" # "Database Connections\GEOP SV07885d.sde\TMW.MON_MONUMENTEN"</Process><Process Name="FeatureClassToFeatureClass_1" ToolSource="C:\Program Files\ArcGIS\ArcToolbox\Toolboxes\Conversion Tools.tbx\FeatureClassToFeatureClass" Date="20091009" Time="084946">FeatureClassToFeatureClass "Database Connections\GIDS productie sv07885d.sde\TMW.MON_MONUMENTEN" H:\Prod_Afgel\Klussen\jh_monumenten\2009 monumenten.shp # "FID_1 FID_1 true true false 4 Long 0 9 ,First,#,Database Connections\GIDS productie sv07885d.sde\TMW.MON_MONUMENTEN,FID_1,-1,-1;MON_ID MON_ID true true false 4 Long 0 9 ,First,#,Database Connections\GIDS productie sv07885d.sde\TMW.MON_MONUMENTEN,MON_ID,-1,-1;ENTITY ENTITY true true false 16 Text 0 0 ,First,#,Database Connections\GIDS productie sv07885d.sde\TMW.MON_MONUMENTEN,TMW.MON_MONUMENTEN.ENTITY,-1,-1;TYPE TYPE true true false 10 Text 0 0 ,First,#,Database Connections\GIDS productie sv07885d.sde\TMW.MON_MONUMENTEN,TYPE,-1,-1;BRUG BRUG true true false 5 Text 0 0 ,First,#,Database Connections\GIDS productie sv07885d.sde\TMW.MON_MONUMENTEN,BRUG,-1,-1;OBJECTNAAM OBJECTNAAM true true false 60 Text 0 0 ,First,#,Database Connections\GIDS productie sv07885d.sde\TMW.MON_MONUMENTEN,OBJECTNAAM,-1,-1;OBJECTID OBJECTID true true false 20 Text 0 0 ,First,#,Database Connections\GIDS productie sv07885d.sde\TMW.MON_MONUMENTEN,OBJECTID,-1,-1;ADRESNR ADRESNR true true false 20 Text 0 0 ,First,#,Database Connections\GIDS productie sv07885d.sde\TMW.MON_MONUMENTEN,ADRESNR,-1,-1;OPMERKING OPMERKING true true false 20 Text 0 0 ,First,#,Database Connections\GIDS productie sv07885d.sde\TMW.MON_MONUMENTEN,OPMERKING,-1,-1;TOOLTIP TOOLTIP true true false 60 Text 0 0 ,First,#,Database Connections\GIDS productie sv07885d.sde\TMW.MON_MONUMENTEN,TOOLTIP,-1,-1;AREA AREA false false true 0 Double 0 0 ,First,#,Database Connections\GIDS productie sv07885d.sde\TMW.MON_MONUMENTEN,SHAPE.AREA,-1,-1;LEN LEN false false true 0 Double 0 0 ,First,#,Database Connections\GIDS productie sv07885d.sde\TMW.MON_MONUMENTEN,SHAPE.LEN,-1,-1" # H:\Prod_Afgel\Klussen\jh_monumenten\2009\monumenten.shp</Process><Process ToolSource="c:\program files\arcgis\desktop10.0\ArcToolbox\Toolboxes\Conversion Tools.tbx\FeatureClassToFeatureClass" Date="20131016" Time="113415">FeatureClassToFeatureClass X:\Shapefiles\monumenten\Monumenten.shp "Database Connections\GEOP_SDE.sde" MON_MONUMENTEN_TEST # "FID_1 "FID_1" true true false 9 Long 0 9 ,First,#,X:\Shapefiles\monumenten\Monumenten.shp,FID_1,-1,-1;MON_ID "MON_ID" true true false 9 Long 0 9 ,First,#,X:\Shapefiles\monumenten\Monumenten.shp,MON_ID,-1,-1;ENTITY "ENTITY" true true false 16 Text 0 0 ,First,#,X:\Shapefiles\monumenten\Monumenten.shp,ENTITY,-1,-1;TYPE "TYPE" true true false 10 Text 0 0 ,First,#,X:\Shapefiles\monumenten\Monumenten.shp,TYPE,-1,-1;BRUG "BRUG" true true false 5 Text 0 0 ,First,#,X:\Shapefiles\monumenten\Monumenten.shp,BRUG,-1,-1;OBJECTNAAM "OBJECTNAAM" true true false 60 Text 0 0 ,First,#,X:\Shapefiles\monumenten\Monumenten.shp,OBJECTNAAM,-1,-1;OBJECTID "OBJECTID" true true false 20 Text 0 0 ,First,#,X:\Shapefiles\monumenten\Monumenten.shp,OBJECTID,-1,-1;ADRESNR "ADRESNR" true true false 20 Text 0 0 ,First,#,X:\Shapefiles\monumenten\Monumenten.shp,ADRESNR,-1,-1;OPMERKING "OPMERKING" true true false 20 Text 0 0 ,First,#,X:\Shapefiles\monumenten\Monumenten.shp,OPMERKING,-1,-1;TOOLTIP "TOOLTIP" true true false 60 Text 0 0 ,First,#,X:\Shapefiles\monumenten\Monumenten.shp,TOOLTIP,-1,-1;AREA "AREA" true true false 19 Double 0 0 ,First,#,X:\Shapefiles\monumenten\Monumenten.shp,AREA,-1,-1;LEN "LEN" true true false 19 Double 0 0 ,First,#,X:\Shapefiles\monumenten\Monumenten.shp,LEN,-1,-1" #</Process></lineage><itemProps><itemName Sync="TRUE">TMW.MON_MONUMENTEN_TEST</itemName><imsContentType Sync="TRUE">002</imsContentType><itemLocation><linkage Sync="TRUE">Server=sv14764; Service=port:5151; Database=geop; User=tmw; Version=SDE.DEFAULT</linkage><protocol Sync="TRUE">ArcSDE Connection</protocol></itemLocation></itemProps><coordRef><type Sync="TRUE">Projected</type><geogcsn Sync="TRUE">GCS_Amersfoort</geogcsn><csUnits Sync="TRUE">Linear Unit: Meter (1.000000)</csUnits><projcsn Sync="TRUE">RD_New</projcsn><peXml Sync="TRUE">&lt;ProjectedCoordinateSystem xsi:type='typens:ProjectedCoordinateSystem' xmlns:xsi='http://www.w3.org/2001/XMLSchema-instance' xmlns:xs='http://www.w3.org/2001/XMLSchema' xmlns:typens='http://www.esri.com/schemas/ArcGIS/10.0'&gt;&lt;WKT&gt;PROJCS[&amp;quot;RD_New&amp;quot;,GEOGCS[&amp;quot;GCS_Amersfoort&amp;quot;,DATUM[&amp;quot;D_Amersfoort&amp;quot;,SPHEROID[&amp;quot;Bessel_1841&amp;quot;,6377397.155,299.1528128]],PRIMEM[&amp;quot;Greenwich&amp;quot;,0.0],UNIT[&amp;quot;Degree&amp;quot;,0.0174532925199433]],PROJECTION[&amp;quot;Double_Stereographic&amp;quot;],PARAMETER[&amp;quot;False_Easting&amp;quot;,155000.0],PARAMETER[&amp;quot;False_Northing&amp;quot;,463000.0],PARAMETER[&amp;quot;Central_Meridian&amp;quot;,5.38763888888889],PARAMETER[&amp;quot;Scale_Factor&amp;quot;,0.9999079],PARAMETER[&amp;quot;Latitude_Of_Origin&amp;quot;,52.15616055555555],UNIT[&amp;quot;Meter&amp;quot;,1.0],AUTHORITY[&amp;quot;EPSG&amp;quot;,28992]]&lt;/WKT&gt;&lt;XOrigin&gt;-30515500&lt;/XOrigin&gt;&lt;YOrigin&gt;-30279500&lt;/YOrigin&gt;&lt;XYScale&gt;10000&lt;/XYScale&gt;&lt;ZOrigin&gt;0&lt;/ZOrigin&gt;&lt;ZScale&gt;1&lt;/ZScale&gt;&lt;MOrigin&gt;0&lt;/MOrigin&gt;&lt;MScale&gt;1&lt;/MScale&gt;&lt;XYTolerance&gt;0.001&lt;/XYTolerance&gt;&lt;ZTolerance&gt;0.001&lt;/ZTolerance&gt;&lt;MTolerance&gt;0.001&lt;/MTolerance&gt;&lt;HighPrecision&gt;true&lt;/HighPrecision&gt;&lt;WKID&gt;28992&lt;/WKID&gt;&lt;/ProjectedCoordinateSystem&gt;</peXml></coordRef></DataProperties><ArcGISFormat>1.0</ArcGISFormat></Esri><idinfo><native Sync="TRUE">Microsoft Windows XP Version 5.1 (Build 2600) Service Pack 2; ESRI ArcCatalog 9.2.2.1350</native><descript><langdata Sync="TRUE">nl</langdata><abstract>REQUIRED: A brief narrative summary of the data set.</abstract><purpose>REQUIRED: A summary of the intentions with which the data set was developed.</purpose></descript><citation><citeinfo><origin>REQUIRED: The name of an organization or individual that developed the data set.</origin><pubdate>REQUIRED: The date when the data set is published or otherwise made available for release.</pubdate><title Sync="TRUE">monumenten</title><ftname Sync="TRUE">monumenten</ftname><geoform Sync="TRUE">vector digital data</geoform><onlink Sync="TRUE"></onlink></citeinfo></citation><timeperd><current>REQUIRED: The basis on which the time period of content information is determined.</current><timeinfo><sngdate><caldate>REQUIRED: The year (and optionally month, or month and day) for which the data set corresponds to the ground.</caldate></sngdate></timeinfo></timeperd><status><progress>REQUIRED: The state of the data set.</progress><update>REQUIRED: The frequency with which changes and additions are made to the data set after the initial data set is completed.</update></status><spdom><bounding><westbc Sync="TRUE">4.325464</westbc><eastbc Sync="TRUE">4.384744</eastbc><northbc Sync="TRUE">52.022961</northbc><southbc Sync="TRUE">51.973906</southbc></bounding><lboundng><leftbc Sync="TRUE">82105.799998</leftbc><rightbc Sync="TRUE">86100.007759</rightbc><bottombc Sync="TRUE">443257.313000</bottombc><topbc Sync="TRUE">448658.328995</topbc></lboundng></spdom><keywords><theme><themekt>REQUIRED: Reference to a formally registered thesaurus or a similar authoritative source of theme keywords.</themekt><themekey>REQUIRED: Common-use word or phrase used to describe the subject of the data set.</themekey></theme></keywords><accconst>REQUIRED: Restrictions and legal prerequisites for accessing the data set.</accconst><useconst>REQUIRED: Restrictions and legal prerequisites for using the data set after access is granted.</useconst><natvform Sync="TRUE">Shapefile</natvform></idinfo><dataIdInfo><envirDesc Sync="TRUE">Microsoft Windows 7 Version 6.1 (Build 7601) Service Pack 1; ESRI ArcGIS 10.0.3.3600</envirDesc><dataLang><languageCode Sync="TRUE" value="nld"></languageCode><countryCode value="NLD" Sync="TRUE"></countryCode></dataLang><idCitation><resTitle Sync="TRUE">TMW.MON_MONUMENTEN_TEST</resTitle><presForm><PresFormCd Sync="TRUE" value="005"></PresFormCd></presForm></idCitation><spatRpType><SpatRepTypCd Sync="TRUE" value="001"></SpatRepTypCd></spatRpType><dataExt><geoEle><GeoBndBox esriExtentType="native"><westBL Sync="TRUE">82105.799998</westBL><eastBL Sync="TRUE">86100.007759</eastBL><northBL Sync="TRUE">448658.328995</northBL><southBL Sync="TRUE">443257.313</southBL><exTypeCode Sync="TRUE">1</exTypeCode></GeoBndBox></geoEle></dataExt><geoBox esriExtentType="decdegrees"><westBL Sync="TRUE">4.325464</westBL><eastBL Sync="TRUE">4.384744</eastBL><northBL Sync="TRUE">52.022961</northBL><southBL Sync="TRUE">51.973906</southBL><exTypeCode Sync="TRUE">1</exTypeCode></geoBox></dataIdInfo><metainfo><langmeta Sync="TRUE">nl</langmeta><metstdn Sync="TRUE">FGDC Content Standards for Digital Geospatial Metadata</metstdn><metstdv Sync="TRUE">FGDC-STD-001-1998</metstdv><mettc Sync="TRUE">local time</mettc><metc><cntinfo><cntorgp><cntper>REQUIRED: The person responsible for the metadata information.</cntper><cntorg>REQUIRED: The organization responsible for the metadata information.</cntorg></cntorgp><cntaddr><addrtype>REQUIRED: The mailing and/or physical address for the organization or individual.</addrtype><city>REQUIRED: The city of the address.</city><state>REQUIRED: The state or province of the address.</state><postal>REQUIRED: The ZIP or other postal code of the address.</postal></cntaddr><cntvoice>REQUIRED: The telephone number by which individuals can speak to the organization or individual.</cntvoice></cntinfo></metc><metd Sync="TRUE">20091009</metd></metainfo><mdLang><languageCode Sync="TRUE" value="nld"></languageCode><countryCode value="NLD" Sync="TRUE"></countryCode></mdLang><mdStanName Sync="TRUE">ISO 19115 Geographic Information - Metadata</mdStanName><mdStanVer Sync="TRUE">DIS_ESRI1.0</mdStanVer><mdChar><CharSetCd Sync="TRUE" value="004"></CharSetCd></mdChar><mdHrLv><ScopeCd Sync="TRUE" value="005"></ScopeCd></mdHrLv><mdHrLvName Sync="TRUE">dataset</mdHrLvName><distinfo><resdesc Sync="TRUE">Downloadable Data</resdesc><stdorder><digform><digtinfo><transize Sync="TRUE">0,000</transize><dssize Sync="TRUE">0,000</dssize></digtinfo></digform></stdorder></distinfo><distInfo><distributor><distorTran><onLineSrc><orDesc Sync="TRUE">002</orDesc><linkage Sync="TRUE">file://</linkage><protocol Sync="TRUE">Local Area Network</protocol></onLineSrc><transSize Sync="TRUE">0,000</transSize></distorTran><distorFormat><formatName Sync="TRUE">Shapefile</formatName></distorFormat></distributor><distFormat><formatName Sync="TRUE">SDE Feature Class</formatName></distFormat></distInfo><spdoinfo><direct Sync="TRUE">Vector</direct><ptvctinf><esriterm><efeatyp Sync="TRUE">Simple</efeatyp><efeageom code="4" Sync="TRUE"></efeageom><esritopo Sync="TRUE">FALSE</esritopo><efeacnt Sync="TRUE">0</efeacnt><spindex Sync="TRUE">FALSE</spindex><linrefer Sync="TRUE">FALSE</linrefer></esriterm></ptvctinf></spdoinfo><spref><horizsys><cordsysn><geogcsn Sync="TRUE">GCS_Amersfoort</geogcsn><projcsn Sync="TRUE">RD_New</projcsn></cordsysn><planar><planci><plance Sync="TRUE">coordinate pair</plance><plandu Sync="TRUE">meters</plandu><coordrep><absres Sync="TRUE">0.000000</absres><ordres Sync="TRUE">0.000000</ordres></coordrep></planci></planar><geodetic><horizdn Sync="TRUE">D_Amersfoort</horizdn><ellips Sync="TRUE">Bessel_1841</ellips><semiaxis Sync="TRUE">6377397.155000</semiaxis><denflat Sync="TRUE">299.152813</denflat></geodetic></horizsys><vertdef><altsys><altenc Sync="TRUE">Explicit elevation coordinate included with horizontal coordinates</altenc><altres Sync="TRUE">1.000000</altres></altsys></vertdef></spref><refSysInfo><RefSystem><refSysID><identCode Sync="TRUE" value="28992">RD_New</identCode><idCodeSpace Sync="TRUE">EPSG</idCodeSpace><idVersion Sync="TRUE">7.4.1</idVersion></refSysID></RefSystem></refSysInfo><spatRepInfo><VectSpatRep><geometObjs Name="TMW.MON_MONUMENTEN_TEST"><geoObjTyp><GeoObjTypCd value="002" Sync="TRUE"></GeoObjTypCd></geoObjTyp><geoObjCnt Sync="TRUE">0</geoObjCnt></geometObjs><topLvl><TopoLevCd value="001" Sync="TRUE"></TopoLevCd></topLvl></VectSpatRep></spatRepInfo><eainfo><detailed Name="TMW.MON_MONUMENTEN_TEST"><enttyp><enttypl Sync="TRUE">TMW.MON_MONUMENTEN_TEST</enttypl><enttypt Sync="TRUE">Feature Class</enttypt><enttypc Sync="TRUE">0</enttypc></enttyp><attr><attrlabl Sync="TRUE">TOOLTIP</attrlabl><attalias Sync="TRUE">OBJECTID_1</attalias><attrtype Sync="TRUE">OID</attrtype><attwidth Sync="TRUE">4</attwidth><atprecis Sync="TRUE">10</atprecis><attscale Sync="TRUE">0</attscale><attrdef Sync="TRUE">Internal feature number.</attrdef><attrdefs Sync="TRUE">ESRI</attrdefs><attrdomv><udom Sync="TRUE">Sequential unique whole numbers that are automatically generated.</udom></attrdomv></attr><attr><attrlabl Sync="TRUE">FID_1</attrlabl><attalias Sync="TRUE">FID_1</attalias><attrtype Sync="TRUE">Integer</attrtype><attwidth Sync="TRUE">4</attwidth><atprecis Sync="TRUE">9</atprecis><attscale Sync="TRUE">0</attscale></attr><attr><attrlabl Sync="TRUE">MON_ID</attrlabl><attalias Sync="TRUE">MON_ID</attalias><attrtype Sync="TRUE">Integer</attrtype><attwidth Sync="TRUE">4</attwidth><atprecis Sync="TRUE">9</atprecis><attscale Sync="TRUE">0</attscale></attr><attr><attrlabl Sync="TRUE">TMW.MON_MONUMENTEN_TEST.ENTITY</attrlabl><attalias Sync="TRUE">TMW.MON_MONUMENTEN_TEST.ENTITY</attalias><attrtype Sync="TRUE">String</attrtype><attwidth Sync="TRUE">16</attwidth><atprecis Sync="TRUE">0</atprecis><attscale Sync="TRUE">0</attscale></attr><attr><attrlabl Sync="TRUE">TYPE</attrlabl><attalias Sync="TRUE">TYPE</attalias><attrtype Sync="TRUE">String</attrtype><attwidth Sync="TRUE">10</attwidth><atprecis Sync="TRUE">0</atprecis><attscale Sync="TRUE">0</attscale></attr><attr><attrlabl Sync="TRUE">BRUG</attrlabl><attalias Sync="TRUE">BRUG</attalias><attrtype Sync="TRUE">String</attrtype><attwidth Sync="TRUE">5</attwidth><atprecis Sync="TRUE">0</atprecis><attscale Sync="TRUE">0</attscale></attr><attr><attrlabl Sync="TRUE">OBJECTNAAM</attrlabl><attalias Sync="TRUE">OBJECTNAAM</attalias><attrtype Sync="TRUE">String</attrtype><attwidth Sync="TRUE">60</attwidth><atprecis Sync="TRUE">0</atprecis><attscale Sync="TRUE">0</attscale></attr><attr><attrlabl Sync="TRUE">OBJECTID</attrlabl><attalias Sync="TRUE">OBJECTID</attalias><attrtype Sync="TRUE">String</attrtype><attwidth Sync="TRUE">20</attwidth><atprecis Sync="TRUE">0</atprecis><attscale Sync="TRUE">0</attscale></attr><attr><attrlabl Sync="TRUE">OPMERKING</attrlabl><attalias Sync="TRUE">OPMERKING</attalias><attrtype Sync="TRUE">String</attrtype><attwidth Sync="TRUE">20</attwidth><atprecis Sync="TRUE">0</atprecis><attscale Sync="TRUE">0</attscale></attr><attr><attrlabl Sync="TRUE">ADRESNR</attrlabl><attalias Sync="TRUE">ADRESNR</attalias><attrtype Sync="TRUE">String</attrtype><attwidth Sync="TRUE">20</attwidth><atprecis Sync="TRUE">0</atprecis><attscale Sync="TRUE">0</attscale></attr><attr><attrlabl Sync="TRUE">Shape</attrlabl><attalias Sync="TRUE">Shape</attalias><attrtype Sync="TRUE">Geometry</attrtype><attwidth Sync="TRUE">4</attwidth><attrdef Sync="TRUE">Feature geometry.</attrdef><attrdefs Sync="TRUE">ESRI</attrdefs><attrdomv><udom Sync="TRUE">Coordinates defining the features.</udom></attrdomv><atprecis Sync="TRUE">0</atprecis><attscale Sync="TRUE">0</attscale></attr><attr><attrlabl Sync="TRUE">TMW.MON_MONUMENTEN_TEST.AREA</attrlabl><attalias Sync="TRUE">TMW.MON_MONUMENTEN_TEST.AREA</attalias><attrtype Sync="TRUE">Double</attrtype><attwidth Sync="TRUE">8</attwidth><atprecis Sync="TRUE">38</atprecis><attscale Sync="TRUE">8</attscale></attr><attr><attrlabl Sync="TRUE">TMW.MON_MONUMENTEN_TEST.LEN</attrlabl><attalias Sync="TRUE">TMW.MON_MONUMENTEN_TEST.LEN</attalias><attrtype Sync="TRUE">Double</attrtype><attwidth Sync="TRUE">8</attwidth><atprecis Sync="TRUE">38</atprecis><attscale Sync="TRUE">8</attscale></attr><attr><attrlabl Sync="TRUE">SHAPE</attrlabl><attalias Sync="TRUE">TOOLTIP</attalias><attrtype Sync="TRUE">String</attrtype><attwidth Sync="TRUE">60</attwidth><attrdef Sync="TRUE">Feature geometry.</attrdef><attrdefs Sync="TRUE">ESRI</attrdefs><attrdomv><udom Sync="TRUE">Coordinates defining the features.</udom></attrdomv><atprecis Sync="TRUE">0</atprecis><attscale Sync="TRUE">0</attscale></attr><attr><attrlabl Sync="TRUE">SHAPE.AREA</attrlabl><attalias Sync="TRUE">SHAPE.AREA</attalias><attrtype Sync="TRUE">Double</attrtype><attwidth Sync="TRUE">0</attwidth><atprecis Sync="TRUE">0</atprecis><attscale Sync="TRUE">0</attscale></attr><attr><attrlabl Sync="TRUE">SHAPE.LEN</attrlabl><attalias Sync="TRUE">SHAPE.LEN</attalias><attrtype Sync="TRUE">Double</attrtype><attwidth Sync="TRUE">0</attwidth><atprecis Sync="TRUE">0</atprecis><attscale Sync="TRUE">0</attscale></attr></detailed></eainfo><mdDateSt Sync="TRUE">20131016</mdDateSt><dataqual><lineage><procstep><procdesc Sync="TRUE">Dataset copied.</procdesc><srcused Sync="TRUE"></srcused><date Sync="TRUE">20091009</date><time Sync="TRUE">10075900</time></procstep><procstep><procdesc Sync="TRUE">Dataset copied.</procdesc><srcused Sync="TRUE"></srcused><procdate Sync="TRUE">20101115</procdate><proctime Sync="TRUE">15124500</proctime></procstep></lineage></dataqual></metadata>
