<?xml version="1.0"?>
<!--<!DOCTYPE metadata SYSTEM "http://www.esri.com/metadata/esriprof80.dtd">-->
<metadata xml:lang="nl"><Esri><CreaDate>20131024</CreaDate><CreaTime>10095200</CreaTime><SyncOnce>FALSE</SyncOnce><SyncDate>20120420</SyncDate><SyncTime>11134400</SyncTime><ModDate>20120420</ModDate><ModTime>11134400</ModTime><DataProperties><lineage><Process ToolSource="C:\Program Files\ArcGIS\ArcToolbox\Toolboxes\Data Management Tools.tbx\Merge" Date="20111114" Time="130008">Merge H:\GIS\Prod_Afgel\klussen\_HTH\HTH_201153_strooiroutes_op_internet\shp\fietspaden\r9.shp;H:\GIS\Prod_Afgel\klussen\_HTH\HTH_201153_strooiroutes_op_internet\shp\fietspaden\r8.shp;H:\GIS\Prod_Afgel\klussen\_HTH\HTH_201153_strooiroutes_op_internet\shp\fietspaden\r7.shp;H:\GIS\Prod_Afgel\klussen\_HTH\HTH_201153_strooiroutes_op_internet\shp\fietspaden\r6.shp;H:\GIS\Prod_Afgel\klussen\_HTH\HTH_201153_strooiroutes_op_internet\shp\fietspaden\r5.shp;H:\GIS\Prod_Afgel\klussen\_HTH\HTH_201153_strooiroutes_op_internet\shp\fietspaden\r4.shp;H:\GIS\Prod_Afgel\klussen\_HTH\HTH_201153_strooiroutes_op_internet\shp\fietspaden\r3.shp;H:\GIS\Prod_Afgel\klussen\_HTH\HTH_201153_strooiroutes_op_internet\shp\fietspaden\r2.shp;H:\GIS\Prod_Afgel\klussen\_HTH\HTH_201153_strooiroutes_op_internet\shp\fietspaden\r10.shp;H:\GIS\Prod_Afgel\klussen\_HTH\HTH_201153_strooiroutes_op_internet\shp\fietspaden\r1.shp H:\GIS\Prod_Afgel\klussen\_HTH\HTH_201153_strooiroutes_op_internet\shp\fietspaden\fietspaden_Merge.shp "ROUTEDESC 'ROUTEDESC' true true false 22 Text 0 0 ,First,#,H:\GIS\Prod_Afgel\klussen\_HTH\HTH_201153_strooiroutes_op_internet\shp\fietspaden\r9.shp,ROUTEDESC,-1,-1,H:\GIS\Prod_Afgel\klussen\_HTH\HTH_201153_strooiroutes_op_internet\shp\fietspaden\r8.shp,ROUTEDESC,-1,-1,H:\GIS\Prod_Afgel\klussen\_HTH\HTH_201153_strooiroutes_op_internet\shp\fietspaden\r7.shp,ROUTEDESC,-1,-1,H:\GIS\Prod_Afgel\klussen\_HTH\HTH_201153_strooiroutes_op_internet\shp\fietspaden\r6.shp,ROUTEDESC,-1,-1,H:\GIS\Prod_Afgel\klussen\_HTH\HTH_201153_strooiroutes_op_internet\shp\fietspaden\r5.shp,ROUTEDESC,-1,-1,H:\GIS\Prod_Afgel\klussen\_HTH\HTH_201153_strooiroutes_op_internet\shp\fietspaden\r4.shp,ROUTEDESC,-1,-1,H:\GIS\Prod_Afgel\klussen\_HTH\HTH_201153_strooiroutes_op_internet\shp\fietspaden\r3.shp,ROUTEDESC,-1,-1,H:\GIS\Prod_Afgel\klussen\_HTH\HTH_201153_strooiroutes_op_internet\shp\fietspaden\r2.shp,ROUTEDESC,-1,-1,H:\GIS\Prod_Afgel\klussen\_HTH\HTH_201153_strooiroutes_op_internet\shp\fietspaden\r10.shp,ROUTEDESC,-1,-1,H:\GIS\Prod_Afgel\klussen\_HTH\HTH_201153_strooiroutes_op_internet\shp\fietspaden\r1.shp,ROUTEDESC,-1,-1;PARENT_ID 'PARENT_ID' true true false 25 Text 0 0 ,First,#,H:\GIS\Prod_Afgel\klussen\_HTH\HTH_201153_strooiroutes_op_internet\shp\fietspaden\r9.shp,PARENT_ID,-1,-1,H:\GIS\Prod_Afgel\klussen\_HTH\HTH_201153_strooiroutes_op_internet\shp\fietspaden\r8.shp,PARENT_ID,-1,-1,H:\GIS\Prod_Afgel\klussen\_HTH\HTH_201153_strooiroutes_op_internet\shp\fietspaden\r7.shp,PARENT_ID,-1,-1,H:\GIS\Prod_Afgel\klussen\_HTH\HTH_201153_strooiroutes_op_internet\shp\fietspaden\r6.shp,PARENT_ID,-1,-1,H:\GIS\Prod_Afgel\klussen\_HTH\HTH_201153_strooiroutes_op_internet\shp\fietspaden\r5.shp,PARENT_ID,-1,-1,H:\GIS\Prod_Afgel\klussen\_HTH\HTH_201153_strooiroutes_op_internet\shp\fietspaden\r4.shp,PARENT_ID,-1,-1,H:\GIS\Prod_Afgel\klussen\_HTH\HTH_201153_strooiroutes_op_internet\shp\fietspaden\r3.shp,PARENT_ID,-1,-1,H:\GIS\Prod_Afgel\klussen\_HTH\HTH_201153_strooiroutes_op_internet\shp\fietspaden\r2.shp,PARENT_ID,-1,-1,H:\GIS\Prod_Afgel\klussen\_HTH\HTH_201153_strooiroutes_op_internet\shp\fietspaden\r10.shp,PARENT_ID,-1,-1,H:\GIS\Prod_Afgel\klussen\_HTH\HTH_201153_strooiroutes_op_internet\shp\fietspaden\r1.shp,PARENT_ID,-1,-1;DISPNUM 'DISPNUM' true true false 19 Double 5 18 ,First,#,H:\GIS\Prod_Afgel\klussen\_HTH\HTH_201153_strooiroutes_op_internet\shp\fietspaden\r9.shp,DISPNUM,-1,-1,H:\GIS\Prod_Afgel\klussen\_HTH\HTH_201153_strooiroutes_op_internet\shp\fietspaden\r8.shp,DISPNUM,-1,-1,H:\GIS\Prod_Afgel\klussen\_HTH\HTH_201153_strooiroutes_op_internet\shp\fietspaden\r7.shp,DISPNUM,-1,-1,H:\GIS\Prod_Afgel\klussen\_HTH\HTH_201153_strooiroutes_op_internet\shp\fietspaden\r6.shp,DISPNUM,-1,-1,H:\GIS\Prod_Afgel\klussen\_HTH\HTH_201153_strooiroutes_op_internet\shp\fietspaden\r5.shp,DISPNUM,-1,-1,H:\GIS\Prod_Afgel\klussen\_HTH\HTH_201153_strooiroutes_op_internet\shp\fietspaden\r4.shp,DISPNUM,-1,-1,H:\GIS\Prod_Afgel\klussen\_HTH\HTH_201153_strooiroutes_op_internet\shp\fietspaden\r3.shp,DISPNUM,-1,-1,H:\GIS\Prod_Afgel\klussen\_HTH\HTH_201153_strooiroutes_op_internet\shp\fietspaden\r2.shp,DISPNUM,-1,-1,H:\GIS\Prod_Afgel\klussen\_HTH\HTH_201153_strooiroutes_op_internet\shp\fietspaden\r10.shp,DISPNUM,-1,-1,H:\GIS\Prod_Afgel\klussen\_HTH\HTH_201153_strooiroutes_op_internet\shp\fietspaden\r1.shp,DISPNUM,-1,-1;RICHTING 'RICHTING' true true false 1 Text 0 0 ,First,#,H:\GIS\Prod_Afgel\klussen\_HTH\HTH_201153_strooiroutes_op_internet\shp\fietspaden\r9.shp,RICHTING,-1,-1,H:\GIS\Prod_Afgel\klussen\_HTH\HTH_201153_strooiroutes_op_internet\shp\fietspaden\r8.shp,RICHTING,-1,-1,H:\GIS\Prod_Afgel\klussen\_HTH\HTH_201153_strooiroutes_op_internet\shp\fietspaden\r7.shp,RICHTING,-1,-1,H:\GIS\Prod_Afgel\klussen\_HTH\HTH_201153_strooiroutes_op_internet\shp\fietspaden\r6.shp,RICHTING,-1,-1,H:\GIS\Prod_Afgel\klussen\_HTH\HTH_201153_strooiroutes_op_internet\shp\fietspaden\r5.shp,RICHTING,-1,-1,H:\GIS\Prod_Afgel\klussen\_HTH\HTH_201153_strooiroutes_op_internet\shp\fietspaden\r4.shp,RICHTING,-1,-1,H:\GIS\Prod_Afgel\klussen\_HTH\HTH_201153_strooiroutes_op_internet\shp\fietspaden\r3.shp,RICHTING,-1,-1,H:\GIS\Prod_Afgel\klussen\_HTH\HTH_201153_strooiroutes_op_internet\shp\fietspaden\r2.shp,RICHTING,-1,-1,H:\GIS\Prod_Afgel\klussen\_HTH\HTH_201153_strooiroutes_op_internet\shp\fietspaden\r10.shp,RICHTING,-1,-1,H:\GIS\Prod_Afgel\klussen\_HTH\HTH_201153_strooiroutes_op_internet\shp\fietspaden\r1.shp,RICHTING,-1,-1;ACTIECOD 'ACTIECOD' true true false 19 Double 5 18 ,First,#,H:\GIS\Prod_Afgel\klussen\_HTH\HTH_201153_strooiroutes_op_internet\shp\fietspaden\r9.shp,ACTIECOD,-1,-1,H:\GIS\Prod_Afgel\klussen\_HTH\HTH_201153_strooiroutes_op_internet\shp\fietspaden\r8.shp,ACTIECOD,-1,-1,H:\GIS\Prod_Afgel\klussen\_HTH\HTH_201153_strooiroutes_op_internet\shp\fietspaden\r7.shp,ACTIECOD,-1,-1,H:\GIS\Prod_Afgel\klussen\_HTH\HTH_201153_strooiroutes_op_internet\shp\fietspaden\r6.shp,ACTIECOD,-1,-1,H:\GIS\Prod_Afgel\klussen\_HTH\HTH_201153_strooiroutes_op_internet\shp\fietspaden\r5.shp,ACTIECOD,-1,-1,H:\GIS\Prod_Afgel\klussen\_HTH\HTH_201153_strooiroutes_op_internet\shp\fietspaden\r4.shp,ACTIECOD,-1,-1,H:\GIS\Prod_Afgel\klussen\_HTH\HTH_201153_strooiroutes_op_internet\shp\fietspaden\r3.shp,ACTIECOD,-1,-1,H:\GIS\Prod_Afgel\klussen\_HTH\HTH_201153_strooiroutes_op_internet\shp\fietspaden\r2.shp,ACTIECOD,-1,-1,H:\GIS\Prod_Afgel\klussen\_HTH\HTH_201153_strooiroutes_op_internet\shp\fietspaden\r10.shp,ACTIECOD,-1,-1,H:\GIS\Prod_Afgel\klussen\_HTH\HTH_201153_strooiroutes_op_internet\shp\fietspaden\r1.shp,ACTIECOD,-1,-1;DOSIS 'DOSIS' true true false 19 Double 5 18 ,First,#,H:\GIS\Prod_Afgel\klussen\_HTH\HTH_201153_strooiroutes_op_internet\shp\fietspaden\r9.shp,DOSIS,-1,-1,H:\GIS\Prod_Afgel\klussen\_HTH\HTH_201153_strooiroutes_op_internet\shp\fietspaden\r8.shp,DOSIS,-1,-1,H:\GIS\Prod_Afgel\klussen\_HTH\HTH_201153_strooiroutes_op_internet\shp\fietspaden\r7.shp,DOSIS,-1,-1,H:\GIS\Prod_Afgel\klussen\_HTH\HTH_201153_strooiroutes_op_internet\shp\fietspaden\r6.shp,DOSIS,-1,-1,H:\GIS\Prod_Afgel\klussen\_HTH\HTH_201153_strooiroutes_op_internet\shp\fietspaden\r5.shp,DOSIS,-1,-1,H:\GIS\Prod_Afgel\klussen\_HTH\HTH_201153_strooiroutes_op_internet\shp\fietspaden\r4.shp,DOSIS,-1,-1,H:\GIS\Prod_Afgel\klussen\_HTH\HTH_201153_strooiroutes_op_internet\shp\fietspaden\r3.shp,DOSIS,-1,-1,H:\GIS\Prod_Afgel\klussen\_HTH\HTH_201153_strooiroutes_op_internet\shp\fietspaden\r2.shp,DOSIS,-1,-1,H:\GIS\Prod_Afgel\klussen\_HTH\HTH_201153_strooiroutes_op_internet\shp\fietspaden\r10.shp,DOSIS,-1,-1,H:\GIS\Prod_Afgel\klussen\_HTH\HTH_201153_strooiroutes_op_internet\shp\fietspaden\r1.shp,DOSIS,-1,-1;STROOIBREE 'STROOIBREE' true true false 19 Double 5 18 ,First,#,H:\GIS\Prod_Afgel\klussen\_HTH\HTH_201153_strooiroutes_op_internet\shp\fietspaden\r9.shp,STROOIBREE,-1,-1,H:\GIS\Prod_Afgel\klussen\_HTH\HTH_201153_strooiroutes_op_internet\shp\fietspaden\r8.shp,STROOIBREE,-1,-1,H:\GIS\Prod_Afgel\klussen\_HTH\HTH_201153_strooiroutes_op_internet\shp\fietspaden\r7.shp,STROOIBREE,-1,-1,H:\GIS\Prod_Afgel\klussen\_HTH\HTH_201153_strooiroutes_op_internet\shp\fietspaden\r6.shp,STROOIBREE,-1,-1,H:\GIS\Prod_Afgel\klussen\_HTH\HTH_201153_strooiroutes_op_internet\shp\fietspaden\r5.shp,STROOIBREE,-1,-1,H:\GIS\Prod_Afgel\klussen\_HTH\HTH_201153_strooiroutes_op_internet\shp\fietspaden\r4.shp,STROOIBREE,-1,-1,H:\GIS\Prod_Afgel\klussen\_HTH\HTH_201153_strooiroutes_op_internet\shp\fietspaden\r3.shp,STROOIBREE,-1,-1,H:\GIS\Prod_Afgel\klussen\_HTH\HTH_201153_strooiroutes_op_internet\shp\fietspaden\r2.shp,STROOIBREE,-1,-1,H:\GIS\Prod_Afgel\klussen\_HTH\HTH_201153_strooiroutes_op_internet\shp\fietspaden\r10.shp,STROOIBREE,-1,-1,H:\GIS\Prod_Afgel\klussen\_HTH\HTH_201153_strooiroutes_op_internet\shp\fietspaden\r1.shp,STROOIBREE,-1,-1"</Process><Process ToolSource="c:\program files\arcgis\desktop10.0\ArcToolbox\Toolboxes\Conversion Tools.tbx\FeatureClassToFeatureClass" Date="20120420" Time="111347">FeatureClassToFeatureClass fietspaden "Database Connections\GEOP_SDE.sde" BEHEER_STROOIROUTES_FIETS # "ROUTEDESC "ROUTEDESC" true true false 22 Text 0 0 ,First,#,H:\Af-In\GIS\Prod_afgel\klussen\_HTH\HTH_201153_strooiroutes_op_internet\shp\fietspaden\fietspaden.shp,ROUTEDESC,-1,-1;PARENT_ID "PARENT_ID" true true false 25 Text 0 0 ,First,#,H:\Af-In\GIS\Prod_afgel\klussen\_HTH\HTH_201153_strooiroutes_op_internet\shp\fietspaden\fietspaden.shp,PARENT_ID,-1,-1;DISPNUM "DISPNUM" true true false 19 Double 5 18 ,First,#,H:\Af-In\GIS\Prod_afgel\klussen\_HTH\HTH_201153_strooiroutes_op_internet\shp\fietspaden\fietspaden.shp,DISPNUM,-1,-1;RICHTING "RICHTING" true true false 1 Text 0 0 ,First,#,H:\Af-In\GIS\Prod_afgel\klussen\_HTH\HTH_201153_strooiroutes_op_internet\shp\fietspaden\fietspaden.shp,RICHTING,-1,-1;ACTIECOD "ACTIECOD" true true false 19 Double 5 18 ,First,#,H:\Af-In\GIS\Prod_afgel\klussen\_HTH\HTH_201153_strooiroutes_op_internet\shp\fietspaden\fietspaden.shp,ACTIECOD,-1,-1;DOSIS "DOSIS" true true false 19 Double 5 18 ,First,#,H:\Af-In\GIS\Prod_afgel\klussen\_HTH\HTH_201153_strooiroutes_op_internet\shp\fietspaden\fietspaden.shp,DOSIS,-1,-1;STROOIBREE "STROOIBREE" true true false 19 Double 5 18 ,First,#,H:\Af-In\GIS\Prod_afgel\klussen\_HTH\HTH_201153_strooiroutes_op_internet\shp\fietspaden\fietspaden.shp,STROOIBREE,-1,-1" #</Process></lineage><itemProps><itemName Sync="TRUE">TMW.BEHEER_STROOIROUTES_FIETS</itemName><imsContentType Sync="TRUE">002</imsContentType><itemLocation><linkage Sync="TRUE">Server=sv14764; Service=port:5151; Database=geop; User=tmw; Version=SDE.DEFAULT</linkage><protocol Sync="TRUE">ArcSDE Connection</protocol></itemLocation></itemProps><coordRef><type Sync="TRUE">Projected</type><geogcsn Sync="TRUE">GCS_Amersfoort</geogcsn><csUnits Sync="TRUE">Linear Unit: Meter (1.000000)</csUnits><projcsn Sync="TRUE">RD_New</projcsn><peXml Sync="TRUE">&lt;ProjectedCoordinateSystem xsi:type='typens:ProjectedCoordinateSystem' xmlns:xsi='http://www.w3.org/2001/XMLSchema-instance' xmlns:xs='http://www.w3.org/2001/XMLSchema' xmlns:typens='http://www.esri.com/schemas/ArcGIS/10.0'&gt;&lt;WKT&gt;PROJCS[&amp;quot;RD_New&amp;quot;,GEOGCS[&amp;quot;GCS_Amersfoort&amp;quot;,DATUM[&amp;quot;D_Amersfoort&amp;quot;,SPHEROID[&amp;quot;Bessel_1841&amp;quot;,6377397.155,299.1528128]],PRIMEM[&amp;quot;Greenwich&amp;quot;,0.0],UNIT[&amp;quot;Degree&amp;quot;,0.0174532925199433]],PROJECTION[&amp;quot;Double_Stereographic&amp;quot;],PARAMETER[&amp;quot;False_Easting&amp;quot;,155000.0],PARAMETER[&amp;quot;False_Northing&amp;quot;,463000.0],PARAMETER[&amp;quot;Central_Meridian&amp;quot;,5.38763888888889],PARAMETER[&amp;quot;Scale_Factor&amp;quot;,0.9999079],PARAMETER[&amp;quot;Latitude_Of_Origin&amp;quot;,52.15616055555555],UNIT[&amp;quot;Meter&amp;quot;,1.0],AUTHORITY[&amp;quot;EPSG&amp;quot;,28992]]&lt;/WKT&gt;&lt;XOrigin&gt;-30515500&lt;/XOrigin&gt;&lt;YOrigin&gt;-30279500&lt;/YOrigin&gt;&lt;XYScale&gt;10000&lt;/XYScale&gt;&lt;ZOrigin&gt;0&lt;/ZOrigin&gt;&lt;ZScale&gt;1&lt;/ZScale&gt;&lt;MOrigin&gt;0&lt;/MOrigin&gt;&lt;MScale&gt;1&lt;/MScale&gt;&lt;XYTolerance&gt;0.001&lt;/XYTolerance&gt;&lt;ZTolerance&gt;0.001&lt;/ZTolerance&gt;&lt;MTolerance&gt;0.001&lt;/MTolerance&gt;&lt;HighPrecision&gt;true&lt;/HighPrecision&gt;&lt;WKID&gt;28992&lt;/WKID&gt;&lt;/ProjectedCoordinateSystem&gt;</peXml></coordRef></DataProperties><ArcGISFormat>1.0</ArcGISFormat></Esri><idinfo><native Sync="TRUE">Microsoft Windows XP Version 5.1 (Build 2600) Service Pack 2; ESRI ArcCatalog 9.3.1.3000</native><descript><langdata Sync="TRUE">nl</langdata><abstract>REQUIRED: A brief narrative summary of the data set.</abstract><purpose>REQUIRED: A summary of the intentions with which the data set was developed.</purpose></descript><citation><citeinfo><origin>REQUIRED: The name of an organization or individual that developed the data set.</origin><pubdate>REQUIRED: The date when the data set is published or otherwise made available for release.</pubdate><title Sync="TRUE">fietspaden_Merge</title><ftname Sync="TRUE">fietspaden_Merge</ftname><geoform Sync="TRUE">vector digital data</geoform><onlink Sync="TRUE">\\Dfsdelft\Data\GBO\IntDienstver\Basisonderst\BoInformatie\afdeling\GIS\Prod_Afgel\klussen\_HTH\HTH_201153_strooiroutes_op_internet\shp\fietspaden\fietspaden_Merge.shp</onlink></citeinfo></citation><timeperd><current>REQUIRED: The basis on which the time period of content information is determined.</current><timeinfo><sngdate><caldate>REQUIRED: The year (and optionally month, or month and day) for which the data set corresponds to the ground.</caldate></sngdate></timeinfo></timeperd><status><progress>REQUIRED: The state of the data set.</progress><update>REQUIRED: The frequency with which changes and additions are made to the data set after the initial data set is completed.</update></status><spdom><bounding><westbc Sync="TRUE">REQUIRED: Western-most coordinate of the limit of coverage expressed in longitude.</westbc><eastbc Sync="TRUE">REQUIRED: Eastern-most coordinate of the limit of coverage expressed in longitude.</eastbc><northbc Sync="TRUE">REQUIRED: Northern-most coordinate of the limit of coverage expressed in latitude.</northbc><southbc Sync="TRUE">REQUIRED: Southern-most coordinate of the limit of coverage expressed in latitude.</southbc></bounding></spdom><keywords><theme><themekt>REQUIRED: Reference to a formally registered thesaurus or a similar authoritative source of theme keywords.</themekt><themekey>REQUIRED: Common-use word or phrase used to describe the subject of the data set.</themekey></theme></keywords><accconst>REQUIRED: Restrictions and legal prerequisites for accessing the data set.</accconst><useconst>REQUIRED: Restrictions and legal prerequisites for using the data set after access is granted.</useconst><natvform Sync="TRUE">Shapefile</natvform></idinfo><dataIdInfo><envirDesc Sync="TRUE">Microsoft Windows 7 Version 6.1 (Build 7601) Service Pack 1; ESRI ArcGIS 10.0.3.3600</envirDesc><dataLang><languageCode Sync="TRUE" value="nld"></languageCode><countryCode value="NLD" Sync="TRUE"></countryCode></dataLang><idCitation><resTitle Sync="TRUE">TMW.BEHEER_STROOIROUTES_FIETS</resTitle><presForm><PresFormCd Sync="TRUE" value="005"></PresFormCd></presForm></idCitation><spatRpType><SpatRepTypCd Sync="TRUE" value="001"></SpatRepTypCd></spatRpType></dataIdInfo><metainfo><langmeta Sync="TRUE">nl</langmeta><metstdn Sync="TRUE">FGDC Content Standards for Digital Geospatial Metadata</metstdn><metstdv Sync="TRUE">FGDC-STD-001-1998</metstdv><mettc Sync="TRUE">local time</mettc><metc><cntinfo><cntorgp><cntper>REQUIRED: The person responsible for the metadata information.</cntper><cntorg>REQUIRED: The organization responsible for the metadata information.</cntorg></cntorgp><cntaddr><addrtype>REQUIRED: The mailing and/or physical address for the organization or individual.</addrtype><city>REQUIRED: The city of the address.</city><state>REQUIRED: The state or province of the address.</state><postal>REQUIRED: The ZIP or other postal code of the address.</postal></cntaddr><cntvoice>REQUIRED: The telephone number by which individuals can speak to the organization or individual.</cntvoice></cntinfo></metc><metd Sync="TRUE">20111114</metd></metainfo><mdLang><languageCode Sync="TRUE" value="nld"></languageCode><countryCode value="NLD" Sync="TRUE"></countryCode></mdLang><mdStanName Sync="TRUE">ISO 19115 Geographic Information - Metadata</mdStanName><mdStanVer Sync="TRUE">DIS_ESRI1.0</mdStanVer><mdChar><CharSetCd Sync="TRUE" value="004"></CharSetCd></mdChar><mdHrLv><ScopeCd Sync="TRUE" value="005"></ScopeCd></mdHrLv><mdHrLvName Sync="TRUE">dataset</mdHrLvName><distinfo><resdesc Sync="TRUE">Downloadable Data</resdesc><stdorder><digform><digtinfo><transize Sync="TRUE">0,000</transize><dssize Sync="TRUE">0,000</dssize></digtinfo></digform></stdorder></distinfo><distInfo><distributor><distorTran><onLineSrc><orDesc Sync="TRUE">002</orDesc><linkage Sync="TRUE">file://\\Dfsdelft\Data\GBO\IntDienstver\Basisonderst\BoInformatie\afdeling\GIS\Prod_Afgel\klussen\_HTH\HTH_201153_strooiroutes_op_internet\shp\fietspaden\fietspaden_Merge.shp</linkage><protocol Sync="TRUE">Local Area Network</protocol></onLineSrc><transSize Sync="TRUE">0,000</transSize></distorTran><distorFormat><formatName Sync="TRUE">Shapefile</formatName></distorFormat></distributor><distFormat><formatName Sync="TRUE">SDE Feature Class</formatName></distFormat></distInfo><spdoinfo><direct Sync="TRUE">Vector</direct><ptvctinf><esriterm><efeatyp Sync="TRUE">Simple</efeatyp><efeageom code="3" Sync="TRUE"></efeageom><esritopo Sync="TRUE">FALSE</esritopo><efeacnt Sync="TRUE">0</efeacnt><spindex Sync="TRUE">FALSE</spindex><linrefer Sync="TRUE">FALSE</linrefer></esriterm></ptvctinf></spdoinfo><spatRepInfo><VectSpatRep><geometObjs Name="TMW.BEHEER_STROOIROUTES_FIETS"><geoObjTyp><GeoObjTypCd value="002" Sync="TRUE"></GeoObjTypCd></geoObjTyp><geoObjCnt Sync="TRUE">0</geoObjCnt></geometObjs><topLvl><TopoLevCd value="001" Sync="TRUE"></TopoLevCd></topLvl></VectSpatRep></spatRepInfo><eainfo><detailed Name="TMW.BEHEER_STROOIROUTES_FIETS"><enttyp><enttypl Sync="TRUE">TMW.BEHEER_STROOIROUTES_FIETS</enttypl><enttypt Sync="TRUE">Feature Class</enttypt><enttypc Sync="TRUE">0</enttypc></enttyp><attr><attrlabl Sync="TRUE">OBJECTID</attrlabl><attalias Sync="TRUE">OBJECTID</attalias><attrtype Sync="TRUE">OID</attrtype><attwidth Sync="TRUE">4</attwidth><atprecis Sync="TRUE">10</atprecis><attscale Sync="TRUE">0</attscale><attrdef Sync="TRUE">Internal feature number.</attrdef><attrdefs Sync="TRUE">ESRI</attrdefs><attrdomv><udom Sync="TRUE">Sequential unique whole numbers that are automatically generated.</udom></attrdomv></attr><attr><attrlabl Sync="TRUE">Shape</attrlabl><attalias Sync="TRUE">Shape</attalias><attrtype Sync="TRUE">Geometry</attrtype><attwidth Sync="TRUE">4</attwidth><atprecis Sync="TRUE">0</atprecis><attscale Sync="TRUE">0</attscale><attrdef Sync="TRUE">Feature geometry.</attrdef><attrdefs Sync="TRUE">ESRI</attrdefs><attrdomv><udom Sync="TRUE">Coordinates defining the features.</udom></attrdomv></attr><attr><attrlabl Sync="TRUE">ROUTEDESC</attrlabl><attalias Sync="TRUE">ROUTEDESC</attalias><attrtype Sync="TRUE">String</attrtype><attwidth Sync="TRUE">22</attwidth><atprecis Sync="TRUE">0</atprecis><attscale Sync="TRUE">0</attscale></attr><attr><attrlabl Sync="TRUE">PARENT_ID</attrlabl><attalias Sync="TRUE">PARENT_ID</attalias><attrtype Sync="TRUE">String</attrtype><attwidth Sync="TRUE">25</attwidth><atprecis Sync="TRUE">0</atprecis><attscale Sync="TRUE">0</attscale></attr><attr><attrlabl Sync="TRUE">DISPNUM</attrlabl><attalias Sync="TRUE">DISPNUM</attalias><attrtype Sync="TRUE">Double</attrtype><attwidth Sync="TRUE">8</attwidth><atprecis Sync="TRUE">19</atprecis><attscale Sync="TRUE">5</attscale></attr><attr><attrlabl Sync="TRUE">RICHTING</attrlabl><attalias Sync="TRUE">RICHTING</attalias><attrtype Sync="TRUE">String</attrtype><attwidth Sync="TRUE">1</attwidth><atprecis Sync="TRUE">0</atprecis><attscale Sync="TRUE">0</attscale></attr><attr><attrlabl Sync="TRUE">ACTIECOD</attrlabl><attalias Sync="TRUE">ACTIECOD</attalias><attrtype Sync="TRUE">Double</attrtype><attwidth Sync="TRUE">8</attwidth><atprecis Sync="TRUE">19</atprecis><attscale Sync="TRUE">5</attscale></attr><attr><attrlabl Sync="TRUE">DOSIS</attrlabl><attalias Sync="TRUE">DOSIS</attalias><attrtype Sync="TRUE">Double</attrtype><attwidth Sync="TRUE">8</attwidth><atprecis Sync="TRUE">19</atprecis><attscale Sync="TRUE">5</attscale></attr><attr><attrlabl Sync="TRUE">STROOIBREE</attrlabl><attalias Sync="TRUE">STROOIBREE</attalias><attrtype Sync="TRUE">Double</attrtype><attwidth Sync="TRUE">8</attwidth><atprecis Sync="TRUE">19</atprecis><attscale Sync="TRUE">5</attscale></attr><attr><attrlabl Sync="TRUE">SHAPE.LEN</attrlabl><attalias Sync="TRUE">SHAPE.LEN</attalias><attrtype Sync="TRUE">Double</attrtype><attwidth Sync="TRUE">0</attwidth><atprecis Sync="TRUE">0</atprecis><attscale Sync="TRUE">0</attscale></attr></detailed></eainfo><mdDateSt Sync="TRUE">20120420</mdDateSt><refSysInfo><RefSystem><refSysID><identCode code="28992" Sync="TRUE"></identCode><idCodeSpace Sync="TRUE">EPSG</idCodeSpace><idVersion Sync="TRUE">7.4.1</idVersion></refSysID></RefSystem></refSysInfo></metadata>
