<?xml version="1.0"?>
<!--<!DOCTYPE metadata SYSTEM "http://www.esri.com/metadata/esriprof80.dtd">-->
<metadata xml:lang="nl"><Esri><CreaDate>20131024</CreaDate><CreaTime>15052100</CreaTime><SyncOnce>FALSE</SyncOnce><SyncDate>20130129</SyncDate><SyncTime>13471000</SyncTime><ModDate>20130129</ModDate><ModTime>13471000</ModTime><DataProperties><lineage><Process ToolSource="C:\Program Files\ArcGIS\ArcToolbox\Toolboxes\Data Management Tools.tbx\CopyFeatures" Date="20070711" Time="102413">CopyFeatures C:\DELFT_1832_2007\STEVEN_1832\PERCEEL_EOM_1832Copy.shp C:\DELFT_1832_2007\1832.gdb\PERCEEL_EOM_1832Copy # 0 0 0</Process><Process ToolSource="C:\Program Files\ArcGIS\ArcToolbox\Toolboxes\Data Management Tools.tbx\CopyFeatures" Date="20120501" Time="113641">CopyFeatures PERCEEL_EOM_1832Copy_1 G:\Erfgoed\Archief\Gis\DELFT_1832\MOL\PERCEEL_EOM_1832Copy_1.shp # 0 0 0</Process><Process ToolSource="C:\Program Files\ArcGIS\ArcToolbox\Toolboxes\Conversion Tools.tbx\FeatureClassToFeatureClass" Date="20120626" Time="101722">FeatureClassToFeatureClass G:\Erfgoed\Archief\Gis\DELFT_1832\MOL\PERCEEL_EOM_1832Copy_1.shp G:\Erfgoed\Archief\Gis\DELFT_1832\MOL\PERCEEL_EOM_1832_GEODATABASE.gdb\KEES_1832 kees_schillemans_1832 # "Id 'Id' true true false 9 Long 0 9 ,First,#,G:\Erfgoed\Archief\Gis\DELFT_1832\MOL\PERCEEL_EOM_1832Copy_1.shp,Id,-1,-1;Sectielett 'Sectielett' true true false 5 Text 0 0 ,First,#,G:\Erfgoed\Archief\Gis\DELFT_1832\MOL\PERCEEL_EOM_1832Copy_1.shp,Sectielett,-1,-1;Koppelnr 'Koppelnr' true true false 15 Text 0 0 ,First,#,G:\Erfgoed\Archief\Gis\DELFT_1832\MOL\PERCEEL_EOM_1832Copy_1.shp,Koppelnr,-1,-1;Toponiem 'Toponiem' true true false 50 Text 0 0 ,First,#,G:\Erfgoed\Archief\Gis\DELFT_1832\MOL\PERCEEL_EOM_1832Copy_1.shp,Toponiem,-1,-1;Percnr 'Percnr' true true false 20 Text 0 0 ,First,#,G:\Erfgoed\Archief\Gis\DELFT_1832\MOL\PERCEEL_EOM_1832Copy_1.shp,Percnr,-1,-1;opp 'opp' true true false 4 Short 0 4 ,First,#,G:\Erfgoed\Archief\Gis\DELFT_1832\MOL\PERCEEL_EOM_1832Copy_1.shp,opp,-1,-1;oppervlakt 'oppervlakt' true true false 19 Double 0 0 ,First,#,G:\Erfgoed\Archief\Gis\DELFT_1832\MOL\PERCEEL_EOM_1832Copy_1.shp,oppervlakt,-1,-1;O 'O' true true false 19 Double 0 0 ,First,#,G:\Erfgoed\Archief\Gis\DELFT_1832\MOL\PERCEEL_EOM_1832Copy_1.shp,O,-1,-1;SOORTCUL 'SOORTCUL' true true false 50 Text 0 0 ,First,#,G:\Erfgoed\Archief\Gis\DELFT_1832\MOL\PERCEEL_EOM_1832Copy_1.shp,SOORTCUL,-1,-1;KLEURNRS 'KLEURNRS' true true false 5 Text 0 0 ,First,#,G:\Erfgoed\Archief\Gis\DELFT_1832\MOL\PERCEEL_EOM_1832Copy_1.shp,KLEURNRS,-1,-1;Shape_Leng 'Shape_Leng' true true false 19 Double 0 0 ,First,#,G:\Erfgoed\Archief\Gis\DELFT_1832\MOL\PERCEEL_EOM_1832Copy_1.shp,Shape_Leng,-1,-1;Shape_Area 'Shape_Area' true true false 19 Double 0 0 ,First,#,G:\Erfgoed\Archief\Gis\DELFT_1832\MOL\PERCEEL_EOM_1832Copy_1.shp,Shape_Area,-1,-1" # G:\Erfgoed\Archief\Gis\DELFT_1832\MOL\PERCEEL_EOM_1832_GEODATABASE.gdb\KEES_1832\kees_schillemans_1832</Process></lineage></DataProperties><ArcGISFormat>1.0</ArcGISFormat></Esri><idinfo><citation><citeinfo><onlink Sync="TRUE">\\dfsdelft\data\Erfgoed\Archief\Gis\2_KADASTER_1832\PERCEEL_EOM_1832_GEODATABASE_BACKUP.gdb</onlink><origin>REQUIRED: The name of an organization or individual that developed the data set.</origin><pubdate>REQUIRED: The date when the data set is published or otherwise made available for release.</pubdate><title Sync="TRUE">kees_schillemans_1832</title><ftname Sync="TRUE">kees_schillemans_1832</ftname><geoform Sync="TRUE">vector digital data</geoform></citeinfo></citation><native Sync="TRUE">Microsoft Windows Vista Version 6.1 (Build 7601) Service Pack 1; ESRI ArcCatalog 9.3.1.3000</native><descript><langdata Sync="TRUE">nl</langdata><abstract>REQUIRED: A brief narrative summary of the data set.</abstract><purpose>REQUIRED: A summary of the intentions with which the data set was developed.</purpose></descript><timeperd><current>REQUIRED: The basis on which the time period of content information is determined.</current><timeinfo><sngdate><caldate>REQUIRED: The year (and optionally month, or month and day) for which the data set corresponds to the ground.</caldate></sngdate></timeinfo></timeperd><status><progress>REQUIRED: The state of the data set.</progress><update>REQUIRED: The frequency with which changes and additions are made to the data set after the initial data set is completed.</update></status><spdom><bounding><westbc Sync="TRUE">4.340179</westbc><eastbc Sync="TRUE">4.440200</eastbc><northbc Sync="TRUE">52.041291</northbc><southbc Sync="TRUE">51.962859</southbc></bounding><lboundng><leftbc Sync="TRUE">83144.489000</leftbc><rightbc Sync="TRUE">89894.225900</rightbc><bottombc Sync="TRUE">442013.125800</bottombc><topbc Sync="TRUE">450646.683300</topbc></lboundng></spdom><keywords><theme><themekt>REQUIRED: Reference to a formally registered thesaurus or a similar authoritative source of theme keywords.</themekt><themekey>REQUIRED: Common-use word or phrase used to describe the subject of the data set.</themekey></theme></keywords><accconst>REQUIRED: Restrictions and legal prerequisites for accessing the data set.</accconst><useconst>REQUIRED: Restrictions and legal prerequisites for using the data set after access is granted.</useconst><natvform Sync="TRUE">File Geodatabase Feature Class</natvform></idinfo><distInfo><distributor><distorTran><onLineSrc><linkage Sync="TRUE">file://\\dfsdelft\data\Erfgoed\Archief\Gis\2_KADASTER_1832\PERCEEL_EOM_1832_GEODATABASE_BACKUP.gdb</linkage><protocol Sync="TRUE">Local Area Network</protocol><orDesc Sync="TRUE">002</orDesc></onLineSrc><transSize Sync="TRUE">0,000</transSize></distorTran><distorFormat><formatName Sync="TRUE">File Geodatabase Feature Class</formatName></distorFormat></distributor></distInfo><dataqual><lineage><procstep><procdesc Sync="TRUE">Dataset copied.</procdesc><srcused Sync="TRUE">D:\DELFT\DELFT_KAART_1832\PERCEEL_EOM_1832</srcused><date Sync="TRUE">20061017</date><time Sync="TRUE">14485600</time></procstep><procstep><procdesc Sync="TRUE">Dataset copied.</procdesc><srcused Sync="TRUE">\\WS06966\C$\ZUID_HOLLAND_1832_2007\DELFT_1832.gdb</srcused><date Sync="TRUE">20070730</date><time Sync="TRUE">14053800</time></procstep></lineage></dataqual><dataIdInfo><envirDesc Sync="TRUE">Microsoft Windows Vista Version 6.1 (Build 7601) Service Pack 1; ESRI ArcCatalog 9.3.1.3000</envirDesc><dataLang><languageCode Sync="TRUE" value="nl"></languageCode></dataLang><idCitation><resTitle Sync="TRUE">kees_schillemans_1832</resTitle><presForm><PresFormCd Sync="TRUE" value="005"></PresFormCd></presForm></idCitation><spatRpType><SpatRepTypCd Sync="TRUE" value="001"></SpatRepTypCd></spatRpType><dataExt><geoEle><GeoBndBox esriExtentType="native"><westBL Sync="TRUE">83144.489</westBL><eastBL Sync="TRUE">89894.2259</eastBL><northBL Sync="TRUE">450646.6833</northBL><southBL Sync="TRUE">442013.1258</southBL><exTypeCode Sync="TRUE">1</exTypeCode></GeoBndBox></geoEle></dataExt><geoBox esriExtentType="decdegrees"><westBL Sync="TRUE">4.340179</westBL><eastBL Sync="TRUE">4.4402</eastBL><northBL Sync="TRUE">52.041291</northBL><southBL Sync="TRUE">51.962859</southBL><exTypeCode Sync="TRUE">1</exTypeCode></geoBox></dataIdInfo><metainfo><langmeta Sync="TRUE">nl</langmeta><metstdn Sync="TRUE">FGDC Content Standards for Digital Geospatial Metadata</metstdn><metstdv Sync="TRUE">FGDC-STD-001-1998</metstdv><mettc Sync="TRUE">local time</mettc><metc><cntinfo><cntorgp><cntper>REQUIRED: The person responsible for the metadata information.</cntper><cntorg>REQUIRED: The organization responsible for the metadata information.</cntorg></cntorgp><cntaddr><addrtype>REQUIRED: The mailing and/or physical address for the organization or individual.</addrtype><city>REQUIRED: The city of the address.</city><state>REQUIRED: The state or province of the address.</state><postal>REQUIRED: The ZIP or other postal code of the address.</postal></cntaddr><cntvoice>REQUIRED: The telephone number by which individuals can speak to the organization or individual.</cntvoice></cntinfo></metc><metd Sync="TRUE">20130129</metd><metextns><onlink Sync="TRUE">http://www.esri.com/metadata/esriprof80.html</onlink><metprof Sync="TRUE">ESRI Metadata Profile</metprof></metextns></metainfo><mdLang><languageCode Sync="TRUE" value="nl"></languageCode></mdLang><mdStanName Sync="TRUE">ISO 19115 Geographic Information - Metadata</mdStanName><mdStanVer Sync="TRUE">DIS_ESRI1.0</mdStanVer><mdChar><CharSetCd Sync="TRUE" value="004"></CharSetCd></mdChar><mdHrLv><ScopeCd Sync="TRUE" value="005"></ScopeCd></mdHrLv><mdHrLvName Sync="TRUE">dataset</mdHrLvName><distinfo><resdesc Sync="TRUE">Downloadable Data</resdesc><stdorder><digform><digtinfo><transize Sync="TRUE">0,000</transize><dssize Sync="TRUE">0,000</dssize></digtinfo></digform></stdorder></distinfo><spdoinfo><direct Sync="TRUE">Vector</direct><ptvctinf><esriterm Name="kees_schillemans_1832"><efeatyp Sync="TRUE">Simple</efeatyp><efeageom Sync="TRUE">Polygon</efeageom><esritopo Sync="TRUE">TRUE</esritopo><efeacnt Sync="TRUE">8418</efeacnt><spindex Sync="TRUE">TRUE</spindex><linrefer Sync="TRUE">FALSE</linrefer><XYRank Sync="TRUE">1</XYRank><ZRank Sync="TRUE">1</ZRank><topoWeight Sync="TRUE">5.000000</topoWeight><validateEvents Sync="TRUE">FALSE</validateEvents></esriterm><sdtsterm Name="kees_schillemans_1832"><sdtstype Sync="TRUE">G-polygon</sdtstype><ptvctcnt Sync="TRUE">8418</ptvctcnt></sdtsterm></ptvctinf></spdoinfo><spref><horizsys><cordsysn><geogcsn Sync="TRUE">GCS_Amersfoort</geogcsn><projcsn Sync="TRUE">RD_New</projcsn></cordsysn><planar><planci><plance Sync="TRUE">coordinate pair</plance><plandu Sync="TRUE">meters</plandu><coordrep><absres Sync="TRUE">0.000100</absres><ordres Sync="TRUE">0.000100</ordres></coordrep></planci><mapproj><mapprojn Sync="TRUE">Double Stereographic</mapprojn><mapprojp><longpc Sync="TRUE">5.387639</longpc><latprjc Sync="TRUE">52.156161</latprjc><sfprjorg Sync="TRUE">0.999908</sfprjorg><feast Sync="TRUE">155000.000000</feast><fnorth Sync="TRUE">463000.000000</fnorth></mapprojp></mapproj></planar><geodetic><horizdn Sync="TRUE">D_Amersfoort</horizdn><ellips Sync="TRUE">Bessel_1841</ellips><semiaxis Sync="TRUE">6377397.155000</semiaxis><denflat Sync="TRUE">299.152813</denflat></geodetic></horizsys><vertdef><altsys><altenc Sync="TRUE">Explicit elevation coordinate included with horizontal coordinates</altenc><altres Sync="TRUE">0.000100</altres></altsys></vertdef></spref><refSysInfo><RefSystem><refSysID><identCode Sync="TRUE">RD_New</identCode></refSysID></RefSystem></refSysInfo><spatRepInfo><VectSpatRep><topLvl><TopoLevCd Sync="TRUE" value="001"></TopoLevCd></topLvl><geometObjs Name="kees_schillemans_1832"><geoObjTyp><GeoObjTypCd Sync="TRUE" value="001"></GeoObjTypCd></geoObjTyp><geoObjCnt Sync="TRUE">8418</geoObjCnt></geometObjs></VectSpatRep></spatRepInfo><eainfo><detailed Name="kees_schillemans_1832"><enttyp><enttypl Sync="TRUE">kees_schillemans_1832</enttypl><enttypt Sync="TRUE">Feature Class</enttypt><enttypc Sync="TRUE">8418</enttypc></enttyp><attr><attrlabl Sync="TRUE">OBJECTID</attrlabl><attalias Sync="TRUE">OBJECTID</attalias><attrtype Sync="TRUE">OID</attrtype><attwidth Sync="TRUE">4</attwidth><atprecis Sync="TRUE">0</atprecis><attscale Sync="TRUE">0</attscale><attrdef Sync="TRUE">Internal feature number.</attrdef><attrdefs Sync="TRUE">ESRI</attrdefs><attrdomv><udom Sync="TRUE">Sequential unique whole numbers that are automatically generated.</udom></attrdomv></attr><attr><attrlabl Sync="TRUE">Shape</attrlabl><attalias Sync="TRUE">Shape</attalias><attrtype Sync="TRUE">Geometry</attrtype><attwidth Sync="TRUE">0</attwidth><atprecis Sync="TRUE">0</atprecis><attscale Sync="TRUE">0</attscale><attrdef Sync="TRUE">Feature geometry.</attrdef><attrdefs Sync="TRUE">ESRI</attrdefs><attrdomv><udom Sync="TRUE">Coordinates defining the features.</udom></attrdomv></attr><attr><attrlabl Sync="TRUE">Id</attrlabl><attalias Sync="TRUE">Id</attalias><attrtype Sync="TRUE">Integer</attrtype><attwidth Sync="TRUE">4</attwidth><atprecis Sync="TRUE">0</atprecis><attscale Sync="TRUE">0</attscale></attr><attr><attrlabl Sync="TRUE">Sectielett</attrlabl><attalias Sync="TRUE">Sectielett</attalias><attrtype Sync="TRUE">String</attrtype><attwidth Sync="TRUE">5</attwidth><atprecis Sync="TRUE">0</atprecis><attscale Sync="TRUE">0</attscale></attr><attr><attrlabl Sync="TRUE">Koppelnr</attrlabl><attalias Sync="TRUE">Koppelnr</attalias><attrtype Sync="TRUE">String</attrtype><attwidth Sync="TRUE">15</attwidth><atprecis Sync="TRUE">0</atprecis><attscale Sync="TRUE">0</attscale></attr><attr><attrlabl Sync="TRUE">Toponiem</attrlabl><attalias Sync="TRUE">Toponiem</attalias><attrtype Sync="TRUE">String</attrtype><attwidth Sync="TRUE">50</attwidth><atprecis Sync="TRUE">0</atprecis><attscale Sync="TRUE">0</attscale></attr><attr><attrlabl Sync="TRUE">Percnr</attrlabl><attalias Sync="TRUE">Percnr</attalias><attrtype Sync="TRUE">String</attrtype><attwidth Sync="TRUE">20</attwidth><atprecis Sync="TRUE">0</atprecis><attscale Sync="TRUE">0</attscale></attr><attr><attrlabl Sync="TRUE">opp</attrlabl><attalias Sync="TRUE">opp</attalias><attrtype Sync="TRUE">SmallInteger</attrtype><attwidth Sync="TRUE">2</attwidth><atprecis Sync="TRUE">0</atprecis><attscale Sync="TRUE">0</attscale></attr><attr><attrlabl Sync="TRUE">oppervlakt</attrlabl><attalias Sync="TRUE">oppervlakt</attalias><attrtype Sync="TRUE">Double</attrtype><attwidth Sync="TRUE">8</attwidth><atprecis Sync="TRUE">0</atprecis><attscale Sync="TRUE">0</attscale></attr><attr><attrlabl Sync="TRUE">O</attrlabl><attalias Sync="TRUE">O</attalias><attrtype Sync="TRUE">Double</attrtype><attwidth Sync="TRUE">8</attwidth><atprecis Sync="TRUE">0</atprecis><attscale Sync="TRUE">0</attscale></attr><attr><attrlabl Sync="TRUE">SOORTCUL</attrlabl><attalias Sync="TRUE">SOORTCUL</attalias><attrtype Sync="TRUE">String</attrtype><attwidth Sync="TRUE">50</attwidth><atprecis Sync="TRUE">0</atprecis><attscale Sync="TRUE">0</attscale></attr><attr><attrlabl Sync="TRUE">KLEURNRS</attrlabl><attalias Sync="TRUE">KLEURNRS</attalias><attrtype Sync="TRUE">String</attrtype><attwidth Sync="TRUE">5</attwidth><atprecis Sync="TRUE">0</atprecis><attscale Sync="TRUE">0</attscale></attr><attr><attrlabl Sync="TRUE">Shape_Leng</attrlabl><attalias Sync="TRUE">Shape_Leng</attalias><attrtype Sync="TRUE">Double</attrtype><attwidth Sync="TRUE">8</attwidth><atprecis Sync="TRUE">0</atprecis><attscale Sync="TRUE">0</attscale></attr><attr><attrlabl Sync="TRUE">Shape_Length</attrlabl><attalias Sync="TRUE">Shape_Length</attalias><attrtype Sync="TRUE">Double</attrtype><attwidth Sync="TRUE">8</attwidth><atprecis Sync="TRUE">0</atprecis><attscale Sync="TRUE">0</attscale><attrdef Sync="TRUE">Length of feature in internal units.</attrdef><attrdefs Sync="TRUE">ESRI</attrdefs><attrdomv><udom Sync="TRUE">Positive real numbers that are automatically generated.</udom></attrdomv></attr><attr><attrlabl Sync="TRUE">Shape_Area</attrlabl><attalias Sync="TRUE">Shape_Area</attalias><attrtype Sync="TRUE">Double</attrtype><attwidth Sync="TRUE">8</attwidth><attrdef Sync="TRUE">Area of feature in internal units squared.</attrdef><attrdefs Sync="TRUE">ESRI</attrdefs><attrdomv><udom Sync="TRUE">Positive real numbers that are automatically generated.</udom></attrdomv><atprecis Sync="TRUE">0</atprecis><attscale Sync="TRUE">0</attscale></attr></detailed></eainfo><mdDateSt Sync="TRUE">20130129</mdDateSt></metadata>
